시군구,종량제,인구수,제조업종사자수,아파트,연립주택,다세대주택,소득수준,1인가구비율,15_64세인구율,외국인수,외국인비율,음식점업종사자수,20ℓ가격,일제대청소참여율,청결유지책임제이행실적,경제활동참가율,재정자주도,공무원단속건수,주민신고건수,인센티브제 도입 여부
강원도 강릉시,40274.5,211381,6276,0.485792982,0.027287714,0.010628385,34808,0.38381987,0.667202823,4447,0.020671414,9183,520,0,14,0.607,0.581,219,142,0
강원도 고성군,12227.6,27274,967,0.196604111,0.002599724,0.007474206,31773,0.386302705,0.611828115,1888,0.069598555,1555,500,0.081762851,1,0.713,0.6048,0,7,0
강원도 동해시,28319.7,89426,3333,0.613699262,0.030340303,0.021730217,35084,0.340636531,0.664381723,1491,0.017182962,2388,560,0.005591215,1,0.608,0.6106,35,31,0
강원도 삼척시,25672.2,63455,1612,0.413768702,0.031506942,0.01994878,33515,0.399582154,0.63544244,1366,0.021247803,2027,290,0,0,0.617,0.6814,30,7,0
강원도 속초시,33989,82806,1826,0.642552397,0.030985014,0.011332729,34432,0.374113381,0.680131875,1956,0.024177101,4792,400,0.010264957,2,0.618,0.6072,210,40,0
강원도 양구군,5872.7,21383,449,0.269326683,0.029358422,0.016549535,34588,0.339718885,0.651031193,744,0.035728006,516,400,0.043165131,5,0.718,0.659,30,1,0
강원도 영월군,7509.9,37728,2060,0.226602108,0.032298491,0.037596127,33172,0.403702649,0.607400339,652,0.018286868,863,350,0.046384648,2,0.721,0.6541,100,9,0
강원도 인제군,18575.1,32206,661,0.250277593,0.03101636,0.020504849,34485,0.362277001,0.663665156,947,0.030642291,752,300,0,6,0.732,0.7218,4,0,0
강원도 정선군,11723.2,34931,814,0.276817677,0.020553018,0.020614739,33550,0.399024812,0.614468524,754,0.022605984,1400,280,0.067275486,1,0.717,0.6806,5,9,0
강원도 철원군,7176.1,42256,1342,0.257952608,0.04480508,0.044746281,34293,0.308402423,0.639151836,1393,0.033855876,841,400,0.059163196,0,0.661,0.6426,20,0,0
강원도 태백시,19196.5,39428,1050,0.507792698,0.104567761,0.006848946,34429,0.380467023,0.626052551,634,0.016209444,1199,370,0,0,0.66,0.6646,4,4,0
강원도 평창군,4746,40990,906,0.163334046,0.051539778,0.039296407,33645,0.394888794,0.615735545,1081,0.027933538,3104,490,0,7,0.698,0.7065,30,63,0
강원도 홍천군,16239.9,67977,2318,0.228774056,0.045015649,0.020210428,33673,0.365519078,0.619930271,1886,0.028919727,2918,450,0.001868279,0,0.717,0.6756,147,23,0
강원도 화천군,10959.3,23388,322,0.250924353,0.034675727,0.018686919,33350,0.377335865,0.645330939,526,0.023331116,316,230,0,3,0.739,0.6952,6,1,0
강원도 횡성군,8578.4,46532,5483,0.203980837,0.014076159,0.019410283,33166,0.3439028,0.599329494,1770,0.039452568,1635,400,0,9,0.692,0.6563,0,5,0
경기도 가평군,20060,62150,1584,0.183064396,0.057784252,0.103765128,33756,0.375915135,0.631552695,2108,0.035277383,4233,500,0.025132743,7,0.625,0.6495,87,319,0
경기도 고양시,113440.3,1076535,27031,0.628783111,0.026736846,0.082396495,120419,0.282999123,0.733501465,21712,0.020792115,25833,710,0.00019507,0,0.626,0.5531,809,2344,0
경기도 과천시,12090.4,78137,325,0.626509177,0.010279221,0.087354689,49748,0.187231339,0.71341362,587,0.007996622,1934,440,0,0,0.605,0.5799,76,185,0
경기도 광명시,46399.8,287945,14285,0.664547695,0.008330378,0.137242063,38492,0.254067425,0.723165882,7026,0.024736736,6623,500,0.006945771,0,0.61,0.5703,163,230,0
경기도 광주시,62861.1,391462,43456,0.339357206,0.025390689,0.368030665,36392,0.262294008,0.721017621,18771,0.047772354,8138,560,0.001788168,3,0.675,0.5547,329,494,0
경기도 구리시,39766.1,188701,2942,0.630953834,0.026940546,0.067792014,37659,0.278665853,0.733297651,2697,0.014648533,4545,510,0,15,0.631,0.5306,928,146,0
경기도 군포시,46287.5,266213,27995,0.683513123,0.010825146,0.104334777,37770,0.28447389,0.73725175,11115,0.041512605,5999,900,0.001690376,0,0.625,0.5757,1893,522,0
경기도 김포시,81420.1,484267,74269,0.722824355,0.027514513,0.038520319,38904,0.269366815,0.699717305,30716,0.062526336,10382,720,0.001943143,62,0.637,0.5319,1108,871,0
경기도 남양주시,103143.2,737353,31614,0.7047388,0.03950637,0.08624333,37199,0.240682614,0.707392524,13836,0.01921971,14581,740,0.004741284,22,0.614,0.5657,1097,1695,0
경기도 동두천시,20681.5,91546,4645,0.52044394,0.052087275,0.150107201,32077,0.352881826,0.673890722,5118,0.054364683,2329,550,0.006772552,0,0.584,0.5695,346,27,0
경기도 부천시,118899,790128,59294,0.474750519,0.018875506,0.253910554,105315,0.291366489,0.738395551,46267,0.057109741,17514,600,0,14,0.625,0.5359,10891,519,0
경기도 성남시,168552.2,922518,36803,0.497047948,0.027484256,0.086748596,123703,0.333657647,0.729738607,27968,0.030914457,28970,500,0,18,0.637,0.6548,54151,891,0
경기도 시흥시,77222.2,512912,85244,0.677218784,0.007435248,0.106697017,35623,0.313546108,0.753569813,61819,0.110853688,11520,530,0,39,0.67,0.5252,1095,949,0
경기도 안산시,108792.3,641660,117358,0.417711246,0.029112949,0.240501994,68035,0.337981974,0.770565408,92525,0.12938967,14709,500,0.004789141,0,0.652,0.5552,4542,2172,0
경기도 양주시,43626.8,243432,29832,0.698872373,0.016102853,0.069569024,33987,0.281095165,0.695915081,11634,0.047877528,5279,600,0,0,0.608,0.5811,546,154,0
경기도 양평군,12101.7,122323,1443,0.145237247,0.028552772,0.08427322,36388,0.328762515,0.624862046,2949,0.025215904,3229,560,0,8,0.574,0.5743,103,409,0
경기도 연천군,8773.1,42062,2528,0.271178162,0.053291366,0.059206599,33767,0.369566397,0.618943464,1591,0.038534199,945,560,0.001283819,0,0.635,0.627,433,17,0
경기도 오산시,27661.7,229849,13325,0.65944614,0.014362009,0.06887166,37230,0.357184098,0.74536326,18727,0.077194183,5173,480,0,0,0.668,0.5633,1889,209,0
경기도 용인시,130656.1,1074971,59590,0.675641665,0.026471468,0.078360329,126848,0.254605034,0.714796027,30246,0.02841334,23960,660,0,78,0.614,0.5858,5658,5351,0
경기도 의왕시,21167.1,160221,9349,0.746410773,0.010561405,0.095283673,40536,0.23451269,0.727251734,2104,0.013374185,3669,680,0.004131793,4,0.6,0.5961,1179,301,0
경기도 의정부시,68882.2,463724,5410,0.64746175,0.014036455,0.106436973,34700,0.313056114,0.721625363,8777,0.019284685,10064,670,0.001832987,1,0.608,0.4796,2241,317,0
경기도 파주시,81646.9,495315,77035,0.623867563,0.018635176,0.086112633,37411,0.280607408,0.711161584,18900,0.038511304,11298,800,0.001974501,51,0.619,0.5362,119,644,0
경기도 평택시,97255.9,578529,91709,0.596103832,0.018957424,0.088808741,37539,0.359962052,0.73799412,39894,0.067593463,14563,500,0.006514799,335,0.666,0.5773,12082,530,0
경기도 포천시,35183.6,146701,41649,0.294457172,0.034943917,0.143390557,32476,0.394945107,0.689040974,18848,0.115248682,4564,560,0.025044137,3,0.635,0.599,2063,31,0
경기도 하남시,35952.7,326059,10641,0.661258366,0.009664737,0.015959687,41947,0.305020359,0.712371074,4789,0.015193383,7532,500,0,43,0.63,0.5436,395,144,0
경기도 화성시,115303.8,910814,245997,0.695424382,0.012147237,0.039751278,42496,0.31327866,0.731217351,62376,0.066964976,21964,600,0,0,0.689,0.623,415,767,0
경상남도 거제시,15604.9,236662,34691,0.614465799,0.02616243,0.016294689,38816,0.314155817,0.712746449,9561,0.040395292,5569,650,0.016386239,1,0.632,0.6247,1186,0,0
경상남도 고성군,18844.1,50448,4498,0.202696669,0.016787213,0.033753014,33318,0.384945084,0.585038059,2039,0.042217069,830,400,0.011774501,0,0.671,0.6195,21,1,0
경상남도 김해시,7861,535129,84511,0.663023,0.007554702,0.048559943,36283,0.295747915,0.733030727,29308,0.053548883,12531,800,0.005643499,10,0.63,0.5558,328,318,0
경상남도 남해군,74952.9,41579,830,0.090082812,0.0117653,0.021157342,31812,0.406483539,0.532287934,1473,0.036378454,1722,400,0.033670844,1,0.693,0.609,15,7,0
경상남도 밀양시,7518.8,102945,8684,0.342629566,0.016859986,0.021001035,33083,0.391667195,0.603351304,4851,0.047758285,1800,700,0.029238914,0,0.613,0.6541,770,32,0
경상남도 사천시,19181,109369,17160,0.463032191,0.027829699,0.012917965,35156,0.36251298,0.646426318,4900,0.044810242,3540,500,0.006226627,0,0.654,0.5851,259,0,0
경상남도 산청군,22343.6,34028,1225,0.07203892,0.012411901,0.007422192,32673,0.412087569,0.544287058,1179,0.035933071,593,450,0.065828142,0,0.734,0.6243,39,2,0
경상남도 양산시,8798,353792,48496,0.744542266,0.006375954,0.016514203,35726,0.312346104,0.703523539,10678,0.030262837,8344,950,0.002854785,6,0.595,0.5232,280,203,0
경상남도 의령군,44820,26061,1810,0.102863034,0.016337537,0.021571893,32591,0.444761678,0.542419708,1146,0.0457814,327,400,0.026860059,1,0.697,0.6658,52,1,0
경상남도 진주시,4057.5,343782,13544,0.521016029,0.007027421,0.011975096,36492,0.357961319,0.689503813,8325,0.02370991,8618,590,0.046922177,0,0.628,0.5785,705,0,0
경상남도 창녕군,63000.7,58372,8539,0.190175258,0.024947643,0.04111401,32884,0.395929015,0.579096142,4179,0.071066594,1093,320,0.025697252,4,0.657,0.6294,5,20,0
경상남도 창원시,10727.8,1021487,117375,0.587669556,0.020787603,0.018726197,183867,0.322125757,0.713237662,24086,0.023689183,23306,700,0.006322156,0,0.625,0.5798,354,291,0
경상남도 통영시,179271.6,122681,3623,0.495906411,0.019479199,0.016873348,33836,0.354395757,0.659816924,6079,0.049420353,3198,500,0.024453664,0,0.582,0.5432,183,11,0
경상남도 하동군,27029.6,42465,962,0.107881469,0.016411153,0.012604177,32419,0.397314539,0.557023431,1078,0.027262152,600,400,0.022371365,0,0.73,0.6354,24,2,0
경상남도 함안군,3909.6,61456,22020,0.371505457,0.016930782,0.013903424,34008,0.359022275,0.618198386,4734,0.075854444,1187,400,0.001936345,3,0.63,0.6237,64,41,0
경상남도 함양군,11446.8,37708,1556,0.168917385,0.007886972,0.022185656,32815,0.406661371,0.559854673,965,0.026792903,569,400,0.019067572,0,0.699,0.6515,99,0,0
경상남도 합천군,7751.7,42142,990,0.0826814,0.030852728,0.020731469,32441,0.436534324,0.521878411,1239,0.030911631,510,350,0.062289403,1,0.704,0.6357,14,6,0
경상북도 경산시,49423.4,267725,32397,0.550682968,0.006998808,0.020907832,32768,0.388719758,0.702930246,17042,0.057663352,5879,430,0.001942292,8,0.605,0.5762,115,87,0
경상북도 경주시,71177.3,249607,36689,0.40133653,0.024166425,0.046690728,34597,0.375756298,0.655085795,18261,0.070322789,7762,350,0.00379797,0,0.619,0.5803,168,191,0
경상북도 구미시,89865.9,408110,82844,0.591842101,0.018016885,0.0406123,37729,0.353644247,0.746411507,8495,0.020761491,8527,600,0,0,0.637,0.5867,886,276,0
경상북도 군위군,7006,23340,1723,0.051497541,0.011712114,0.024407689,35221,0.41868574,0.524378749,772,0.035417718,323,240,0.006426735,5,0.723,0.65,18,14,0
경상북도 김천시,20843.9,139324,12834,0.447211172,0.017337066,0.012507572,33378,0.360411244,0.640262984,4546,0.033014278,2705,350,0.001650828,0,0.658,0.5918,101,60,0
경상북도 봉화군,9572.9,30139,1596,0.102436284,0.03840483,0.018535421,33081,0.392052236,0.540362985,823,0.028578373,377,250,0,1,0.764,0.6524,52,0,0
경상북도 상주시,20929.9,94823,4140,0.249148007,0.00674733,0.024496238,32430,0.382470666,0.57880472,2657,0.028506137,1238,290,0.005272982,0,0.683,0.6387,6,0,0
경상북도 성주군,7498.2,42566,8646,0.063311343,0.013460311,0.015854437,34154,0.374228559,0.584198656,2553,0.06249541,752,300,0.022482733,0,0.677,0.6426,47,10,0
경상북도 영덕군,15189.4,34650,866,0.08144208,0.043321513,0.036347518,32071,0.433983452,0.52952381,1672,0.049886621,806,250,0,0,0.636,0.6271,9,0,0
경상북도 영양군,4032,16022,286,0.047275538,0.013525699,0.049465413,34151,0.41066598,0.53657471,558,0.036392095,120,200,0.03120709,0,0.777,0.7162,3,15,0
경상북도 영천시,21420.7,101088,15270,0.3715187,0.016896053,0.020763563,35307,0.386729469,0.611694761,4754,0.047663448,1480,360,0.011811491,0,0.677,0.6525,81,0,0
경상북도 울릉군,3453.3,8996,240,0.042137477,0.046374765,0.024246704,34638,0.45433145,0.660293464,223,0.026906371,535,300,0.083370387,6,0.813,0.6296,23,0,0
경상북도 울진군,16180.7,47030,806,0.208230453,0.061911294,0.04266118,31462,0.407361683,0.608547735,2352,0.051181616,1261,400,0.002551563,0,0.635,0.5917,14,0,0
경상북도 의성군,8636.7,50186,1395,0.077243917,0.011940299,0.024902883,32426,0.416520139,0.502769697,1198,0.025075877,396,340,0.005977763,0,0.734,0.5985,68,68,0
경상북도 청도군,7646.8,41614,1571,0.100160547,0.014604589,0.028535916,32474,0.397897354,0.539265632,1681,0.041977775,899,290,0.026433412,0,0.739,0.5615,0,0,0
경상북도 청송군,9457.1,24295,296,0.089019279,0.012489522,0.03906119,34866,0.419111484,0.539082116,677,0.029215035,384,140,0.00617411,0,0.818,0.697,57,0,0
경상북도 칠곡군,29367.3,112487,24489,0.463413633,0.009972504,0.047133418,74242,0.354885706,0.702356717,5830,0.051343473,2211,350,0.006054033,0,0.634,0.5871,96,96,0
경상북도 포항시,101419.8,496650,40537,0.561424678,0.033925784,0.045158285,36399,0.332208996,0.684103493,10830,0.021807945,12190,900,0.00201349,0,0.607,0.5334,1986,275,0
광주광역시 광산구,55475.2,400654,49207,0.728376926,0.02406172,0.004315813,38077,0.323710264,0.74634223,23229,0.055077,9953,740,0.003634058,42,0.644,0.3025,983,474,0
광주광역시 남구,24229.8,212379,1039,0.673341471,0.013998395,0.011040368,36689,0.329022752,0.67963405,2722,0.012688143,3860,740,0.003861022,11,0.606,0.309,194,250,0
광주광역시 북구,49306.2,424707,17912,0.678387746,0.013088686,0.011162006,37956,0.365416359,0.714711554,8280,0.019047093,9156,740,0.01059554,0,0.562,0.2718,130,350,0
광주광역시 서구,36607.5,287401,9909,0.665230851,0.009005769,0.010835066,32238,0.372574618,0.726417097,3355,0.011698333,9393,740,0.001346551,14,0.597,0.3097,638,374,0
대구광역시 남구,28733.4,141519,1056,0.246060709,0.007638123,0.074202948,31782,0.465939631,0.678997166,2556,0.017914841,2722,560,0.010669945,8,0.533,0.3616,3488,1319,0
대구광역시 달서구,91674.9,536989,48707,0.662412107,0.00496853,0.025948717,35269,0.327747395,0.723336977,15653,0.028717254,11566,560,0.006363259,1,0.571,0.3087,3417,537,0
대구광역시 달성군,44931.5,263162,45883,0.756720737,0.005759272,0.017058868,35755,0.282061534,0.699933881,10079,0.037873465,4913,560,0.001044984,7,0.645,0.5469,541,168,0
대구광역시 동구,57030.7,339530,6397,0.579676096,0.01372395,0.082275996,34580,0.345339815,0.678246399,3708,0.011136674,7239,560,0.006479545,8,0.566,0.2999,1127,267,0
대구광역시 북구,74011.6,430912,25310,0.631100875,0.008507593,0.031786433,34498,0.343704597,0.723658195,8460,0.019257779,9038,560,0.004091323,9,0.581,0.3138,2908,391,0
대구광역시 서구,34262.5,159827,15501,0.248073665,0.009740969,0.138013006,30984,0.379242035,0.677069581,4018,0.024994712,2662,560,0.016298873,0,0.537,0.3497,1130,85,0
대구광역시 수성구,67371.8,411553,1926,0.647389991,0.007351275,0.039274184,42660,0.278454027,0.7017225,2983,0.007411954,11397,560,0.007226287,2,0.54,0.3654,792,482,0
대구광역시 중구,22396.8,80199,2031,0.505376921,0.008206173,0.02571804,36943,0.43801121,0.694609658,978,0.012617401,6831,560,0.001296774,5,0.6,0.4498,3179,1193,0
대전광역시 대덕구,30179.7,172746,25936,0.533993036,0.017618262,0.102411058,34172,0.357365376,0.720937098,4433,0.025375655,3641,660,0.003473308,0,0.611,0.3505,78,94,0
대전광역시 동구,36315.3,219751,4701,0.484061449,0.020772022,0.064058973,31707,0.423431146,0.689621435,7862,0.033986962,4527,660,0.00202957,7,0.546,0.3136,417,84,0
대전광역시 서구,77064.6,470374,2403,0.579444513,0.011287199,0.031070805,37460,0.383540536,0.733788432,6923,0.014597848,12835,660,0.005433974,2,0.622,0.3109,2837,382,0
대전광역시 유성구,57837.3,356093,22997,0.641009903,0.008771762,0.014365997,42146,0.390177161,0.746529699,10506,0.02844988,13235,660,0.001965779,0,0.65,0.363,459,3115,0
부산광역시 강서구,23876.1,143207,68775,0.641101747,0.0054416,0.010847865,40296,0.296867547,0.67548374,6687,0.046523439,4715,510,0.017806392,71,0.678,0.4991,554,111,0
부산광역시 금정구,27413.4,221256,7476,0.454985565,0.026769056,0.146503133,34668,0.389172575,0.679656145,5885,0.025869951,5251,850,0.002621398,15,0.536,0.3333,465,95,0
부산광역시 기장군,26490.4,178614,16995,0.704145993,0.016539119,0.044333249,36349,0.298993637,0.67147592,3386,0.0194039,6703,590,0.005206759,14,0.598,0.5434,364,134,0
부산광역시 남구,29382.2,256333,4292,0.548241554,0.023341093,0.153905611,36021,0.346943728,0.676065899,8069,0.03126768,5909,680,0.004860865,6,0.545,0.3299,333,1306,0
부산광역시 동구,14765.5,86462,1548,0.313952925,0.02130957,0.098653623,32284,0.425464936,0.648886216,2591,0.030156661,3315,850,0.008188568,10,0.546,0.4111,519,730,0
부산광역시 부산진구,50618.3,355917,4202,0.567303063,0.008732427,0.101602062,34300,0.406432624,0.699087147,4143,0.011822753,13318,850,0.001545304,35,0.576,0.325,3954,446,0
부산광역시 북구,22925.4,278857,1717,0.73178966,0.017971627,0.074836312,34782,0.305509139,0.699910707,3803,0.013799985,4777,680,0.005081458,8,0.567,0.3111,232,109,0
부산광역시 사하구,41155.4,301987,26140,0.615320237,0.034070332,0.079195642,33537,0.342932575,0.687066,6738,0.022237624,5220,850,0.008940782,10,0.569,0.3037,82,131,0
부산광역시 서구,12733.5,105192,2262,0.396709136,0.020414025,0.118339796,33378,0.412219692,0.647121454,2838,0.027073953,2688,850,0.0050289,17,0.54,0.4036,712,41,0
부산광역시 수영구,22792.4,174806,1203,0.463828676,0.023741124,0.207837431,36057,0.402007238,0.681034976,2330,0.013705318,6101,850,0.017299177,1,0.559,0.3894,255,375,0
부산광역시 연제구,28870.5,203536,1896,0.577875317,0.013865076,0.114292573,36820,0.330852936,0.680798483,1566,0.007839761,5126,770,0.003041231,21,0.571,0.3636,2472,116,0
부산광역시 영도구,11576.3,108156,9353,0.523352861,0.020303346,0.059545783,31815,0.38674665,0.624080033,2813,0.025598559,2276,850,0.005094493,2,0.527,0.3758,175,281,0
부산광역시 중구,17329.7,39689,770,0.224728449,0.028980818,0.205130575,30858,0.534689161,0.665423669,2560,0.062218982,4495,850,0,2,0.573,0.5164,268,30,0
부산광역시 해운대구,44727.6,386785,5934,0.68128919,0.012652789,0.072990156,41269,0.308405512,0.691709865,6171,0.016360065,14593,850,0.002391509,4,0.552,0.3467,180,1469,0
서울특별시 강남구,103389.1,529102,17236,0.587823943,0.0236707,0.130447673,58851,0.346255747,0.728139376,10387,0.020767811,44488,490,0.000661498,0,0.583,0.5566,25475,885,0
서울특별시 강서구,67334.2,569166,6781,0.445564548,0.01753359,0.252196118,38424,0.395595977,0.733603202,10504,0.01889212,15240,490,0.000614935,7,0.626,0.4078,111,455,0
서울특별시 구로구,53145.3,395315,14921,0.481586971,0.040377479,0.164405418,35107,0.348506157,0.713942046,45507,0.107318212,9150,490,0.007983507,0,0.645,0.4443,4738,293,0
서울특별시 동대문구,39354.4,336644,9214,0.424675458,0.02022936,0.104424291,34627,0.43722741,0.721572343,23258,0.066317089,7689,490,0.002970497,0,0.531,0.4561,8337,225,0
서울특별시 마포구,52156.2,364638,4059,0.436634602,0.017083024,0.206856156,41286,0.422878813,0.751707173,14593,0.040266771,19336,490,0.004936403,4,0.627,0.4827,3908,363,0
서울특별시 서대문구,42263.4,306337,1531,0.410429056,0.036510515,0.195982153,37249,0.3990503,0.723689923,18128,0.056951129,8665,490,0.002327502,0,0.582,0.4787,4251,143,0
서울특별시 서초구,66302.7,404325,5796,0.573848813,0.03089253,0.164639317,60102,0.302613436,0.717652878,8470,0.022104436,22404,490,0.001607618,0,0.607,0.5542,15216,0,0
서울특별시 성동구,31496.8,281000,22890,0.540362814,0.016154892,0.077657419,42067,0.378830174,0.735113879,11809,0.041856443,9389,490,0.001380783,0,0.62,0.5279,1216,364,0
서울특별시 성북구,44266.8,430397,5511,0.444165416,0.03155915,0.158529559,38741,0.36539256,0.720692756,16620,0.038109389,8053,490,0.011617181,2,0.571,0.4445,3395,182,0
서울특별시 영등포구,56445.1,375675,9610,0.4470727,0.008082322,0.089707386,39630,0.429751778,0.737571039,44514,0.110785082,19486,490,0.000385972,0,0.647,0.468,2724,533,0
서울특별시 종로구,38934.5,141379,7834,0.232544783,0.080143429,0.177920586,41792,0.441215734,0.725383544,12964,0.087884376,17559,490,0.000919514,16,0.545,0.5544,17029,93,0
서울특별시 중구,53330.2,120437,17356,0.442552435,0.030838962,0.120849627,38385,0.448755777,0.721339788,12570,0.100353673,23482,490,0.007887941,0,0.599,0.5814,6587,320,0
세종특별자치시,59317.9,383591,20031,0.77460573,0.006330388,0.007395192,43023,0.32827768,0.703520156,8874,0.023194603,9206,540,0.012296952,2,0.651,0.5998,702,126,0
울산광역시 남구,58110,310638,28176,0.604640098,0.012748186,0.045978053,40824,0.332374199,0.743138315,7166,0.023029064,10461,600,0.036933666,0,0.614,0.4027,150,636,0
울산광역시 동구,31015.5,151711,39837,0.604548029,0.019486931,0.051047989,37923,0.301497127,0.710073759,6337,0.041117845,3830,600,0.040326674,0,0.598,0.3942,342,54,0
울산광역시 북구,34328.6,218670,53394,0.776406516,0.007812972,0.019007137,41893,0.24066851,0.73831344,4442,0.020493656,4949,600,0.02998125,14,0.627,0.3916,2,88,0
울산광역시 울주군,41603.7,221512,44548,0.558686229,0.01689452,0.0350339,37657,0.304890519,0.712882372,10840,0.048424419,4790,600,0.018671675,8,0.598,0.54,90,65,0
울산광역시 중구,29701.8,208132,1564,0.505073488,0.019248227,0.069488974,39146,0.311384608,0.707526954,3607,0.017627626,3237,600,0.005506121,22,0.575,0.3713,0,7,0
인천광역시 강화군,5012.5,69803,3109,0.072456338,0.03345979,0.12242387,33018,0.311938207,0.570147415,1589,0.023923517,1661,620,0,9,0.659,0.5976,627,41,0
인천광역시 계양구,29337.8,288856,11252,0.589756218,0.012855675,0.254218003,34173,0.292895414,0.754912482,6447,0.022375938,5526,750,0.008339796,0,0.657,0.3758,6373,421,0
인천광역시 남동구,62686.6,506181,73299,0.590766311,0.014856465,0.188801898,35277,0.31881376,0.727056132,20285,0.039666244,12289,750,0,10,0.627,0.3445,270,776,0
인천광역시 동구,6843.9,58999,9275,0.604012924,0.016115521,0.100362998,33068,0.321512625,0.659282361,1669,0.028737215,1058,620,0,0,0.583,0.4909,960,31,0
인천광역시 미추홀구,54886.2,406004,13376,0.407609727,0.026035331,0.248976107,33129,0.360555301,0.714160452,17495,0.042136726,7728,620,0,6,0.641,0.3284,464,162,0
인천광역시 부평구,60496.4,489118,27421,0.552955738,0.019305495,0.188395006,34856,0.308858338,0.733988526,27176,0.054542462,9967,750,0.0231805,0,0.64,0.337,1175,374,0
인천광역시 서구,78006.7,589013,65939,0.601065785,0.040496303,0.168408276,37521,0.269826223,0.739608464,21324,0.036697879,10975,620,0.011595669,27,0.671,0.3696,9845,5069,0
인천광역시 연수구,55422.9,385796,19641,0.761995897,0.005741508,0.039818805,42484,0.258257721,0.737356012,24904,0.062184135,11662,620,0,5,0.622,0.4143,267,495,0
인천광역시 옹진군,3077.3,20613,138,0.045263266,0.049574053,0.047931849,33138,0.472749666,0.64037258,449,0.023229345,454,620,0,3,0.773,0.5423,29,0,0
인천광역시 중구,33648.5,152931,9507,0.521720994,0.024447292,0.092098206,36991,0.40575651,0.720259463,6659,0.044164561,7750,620,0,17,0.641,0.4724,254,198,0
전라남도 강진군,5465,33177,925,0.116861109,0.028221339,0.017923483,32739,0.407612592,0.553184435,1031,0.032755115,568,290,0.020254996,3,0.688,0.5804,127,6,0
전라남도 고흥군,7721.6,61880,2569,0.101604278,0.022253961,0.032982363,31239,0.425947454,0.506140918,2277,0.038836773,951,260,0.121687136,0,0.733,0.6145,2,0,0
전라남도 곡성군,3053,27060,2980,0.075265483,0.029532594,0.007673824,32673,0.441283621,0.556060606,973,0.036780827,474,530,0.053215078,0,0.688,0.6459,34,5,0
전라남도 광양시,28820,152168,19987,0.654586174,0.037990617,0.010429438,38733,0.308240564,0.721800904,3623,0.024827652,3791,530,0.024794964,1,0.683,0.6389,265,67,0
전라남도 구례군,3573.4,24655,621,0.100196464,0.018842651,0.008840864,32655,0.401946776,0.560981545,592,0.025555795,498,220,0.008517542,0,0.734,0.6322,30,110,0
전라남도 나주시,18013.4,116456,6884,0.46894532,0.006623688,0.005916113,35888,0.390522426,0.6384729,5168,0.045023304,2615,250,0.037885553,3,0.66,0.5875,1050,400,0
전라남도 담양군,9209.9,45792,4055,0.115433606,0.014860418,0.014064324,34621,0.331387326,0.596283194,1832,0.04204535,1295,310,0.035377359,1,0.662,0.6209,33,40,0
전라남도 목포시,50081.6,216939,3296,0.636172319,0.01521071,0.014991926,34203,0.366484347,0.68724388,5944,0.027064314,5294,400,0.006914386,0,0.592,0.488,335,198,0
전라남도 무안군,16079,90608,2511,0.393784713,0.012298334,0.004443269,35502,0.359032002,0.652657602,3245,0.035804921,1747,320,0.04111116,2,0.642,0.59,308,0,0
전라남도 보성군,5072.3,38471,833,0.117246722,0.021302495,0.004979804,31692,0.420184806,0.52455096,1107,0.030542986,659,260,0.142964831,0,0.747,0.6162,23,14,0
전라남도 순천시,36646,278737,7315,0.629867863,0.013012969,0.009565536,37457,0.318176264,0.699763576,4752,0.01746513,7101,580,0.003587611,20,0.647,0.6332,111,198,0
전라남도 신안군,8177,37858,647,0.000826154,0.002301428,0.002950549,31762,0.423108698,0.553278039,1550,0.045390652,501,220,0.026572983,0,0.786,0.5979,0,3,0
전라남도 여수시,85799.5,274765,23706,0.553665171,0.015194303,0.011841855,37323,0.329804744,0.673892235,8694,0.032423482,9016,500,0.030375048,0,0.638,0.5758,154,116,0
전라남도 영광군,13058.3,52197,3055,0.226181462,0.038172019,0.011135362,34110,0.373791813,0.588520413,1879,0.038095817,945,277,0.023947737,1,0.674,0.6135,61,24,0
전라남도 영암군,9324,52395,14562,0.305673991,0.019473598,0.010864218,33332,0.413947196,0.621566943,7531,0.133796436,1267,460,0.038095238,16,0.719,0.6442,10,11,0
전라남도 완도군,8252.3,47597,1388,0.098251732,0.024127044,0.013807078,32194,0.377880401,0.560644578,3847,0.082090348,737,290,0.08403891,0,0.703,0.5979,18,0,0
전라남도 장성군,7325.5,43146,6088,0.187158239,0.024691358,0.003720616,33224,0.336433846,0.591943633,1995,0.049545522,618,280,0.008111992,0,0.677,0.6443,65,18,0
전라남도 장흥군,4195.8,35650,1507,0.130601093,0.030297511,0.006375228,32941,0.40564663,0.554922861,1174,0.034901005,544,460,0.011781206,0,0.735,0.5905,30,10,0
전라남도 진도군,6886,29507,488,0.092317861,0.020490599,0.011383666,32289,0.409077556,0.560680516,2502,0.0864398,599,260,0.042023927,0,0.765,0.6106,21,7,0
전라남도 함평군,4880.4,30784,1988,0.073046762,0.013505664,0.006099332,32864,0.403790299,0.543756497,1390,0.047851831,483,220,0.032484408,0,0.701,0.5906,32,7,0
전라남도 해남군,10004.3,65831,2978,0.170611743,0.012467124,0.004337876,32280,0.385012126,0.567012502,2892,0.046375882,998,430,0.021691908,0,0.711,0.5654,1,7,0
전라남도 화순군,8392,62024,3203,0.430035937,0.009835445,0.001626631,33733,0.36254965,0.627789243,1883,0.031476714,1298,380,0.032890494,0,0.671,0.624,27,126,0
전라북도 고창군,4940,52338,1699,0.142599429,0.045980869,0.012879678,33373,0.384628293,0.5522947,2099,0.041331916,895,500,0,3,0.702,0.6072,80,121,0
전라북도 군산시,65639.4,262467,22267,0.609394998,0.026488291,0.007610087,35191,0.363433533,0.672335951,10421,0.039112289,6072,360,0.002857502,37,0.577,0.5511,61,45,0
전라북도 김제시,14319.3,81455,10883,0.286762646,0.023163968,0.005069744,32364,0.366982242,0.582026886,3486,0.044534154,1333,280,0.007353754,2,0.662,0.5857,15,16,0
전라북도 남원시,15536,77948,2598,0.325943957,0.01199687,0.007215509,33484,0.36529601,0.600977575,2158,0.028674311,1291,330,0.007184277,1,0.674,0.6407,7,38,0
전라북도 부안군,10516.5,50094,2422,0.225289601,0.012294173,0.013048689,32285,0.378545116,0.566235477,1742,0.036772777,1268,380,0.025731625,2,0.725,0.5767,24,4,0
전라북도 순창군,4437.5,26727,1179,0.117240791,0.021060709,0.009379263,32827,0.368008186,0.559845849,877,0.034692828,346,420,0.044898417,2,0.718,0.6263,29,5,0
전라북도 익산시,38122.5,273697,23287,0.559530232,0.019006515,0.024417977,34189,0.367398431,0.676309934,8862,0.031989315,5866,320,0.010621234,7,0.607,0.5466,167,234,0
전라북도 임실군,1935,26508,1664,0.130055704,0.012674578,0.008799548,32550,0.418987648,0.53738494,843,0.033825536,525,360,0.045269353,2,0.722,0.6389,76,92,0
전라북도 장수군,8735,21336,694,0.078586498,0.023628692,0.011708861,32718,0.37964135,0.551509186,844,0.042124176,302,360,0.021091114,5,0.771,0.6356,10,9,0
전라북도 전주시,94251.2,651495,12087,0.62263464,0.014249607,0.017915407,73447,0.358841932,0.709079885,15144,0.0227427,17749,460,0,1,0.612,0.4908,1106,628,0
제주특별자치도 서귀포시,42595.2,184770,2273,0.220495579,0.106329751,0.068089162,36174,0.34200773,0.666818206,10276,0.056744011,13178,700,0.009731017,4,0.749,0.6853,329,103,0
제주특별자치도 제주시,94308.5,493389,8342,0.269766839,0.087598479,0.123108278,35398,0.330551085,0.704713725,21021,0.042442573,24145,700,0.001309312,3,0.706,0.6853,629,209,0
충청남도 계룡시,8311.7,44475,888,0.82900536,0.006134604,0.01858249,40162,0.256223943,0.717144463,451,0.01063278,825,470,0.008094435,0,0.554,0.6968,16,37,0
충청남도 공주시,16885.3,102571,9361,0.350903004,0.017441737,0.022153991,33347,0.387279046,0.629758899,3874,0.036534073,2722,320,0.061528112,0,0.619,0.6013,323,323,0
충청남도 금산군,9562.9,50092,10659,0.191535983,0.021611171,0.040257787,32440,0.388356606,0.578755091,3934,0.075077769,774,210,0.029944901,2,0.643,0.6362,110,34,0
충청남도 논산시,29773,112617,10236,0.308484357,0.020850214,0.020277081,32927,0.376133916,0.616141435,7390,0.063242392,2289,470,0,1,0.624,0.6033,390,26,0
충청남도 당진시,37731.4,168253,35338,0.447795918,0.022340136,0.042571429,38080,0.371687075,0.665230338,10255,0.0599035,4037,510,0.020683138,5,0.71,0.6325,316,105,0
충청남도 보령시,30058.8,97157,5027,0.368781807,0.02780707,0.018545688,34103,0.357732337,0.621128689,4903,0.050802499,2640,380,0.010292619,0,0.634,0.609,368,55,0
충청남도 부여군,8765.3,62343,1772,0.150285574,0.028697572,0.02596447,32160,0.364939206,0.550069775,2567,0.041752737,966,400,0,0,0.665,0.5849,493,21,0
충청남도 서산시,35358,176413,22192,0.504176377,0.020449844,0.047720667,38260,0.343104396,0.67116369,7817,0.04392881,3671,460,0.005668516,3,0.709,0.6077,906,57,0
충청남도 아산시,57372.1,334539,96304,0.620982133,0.01051524,0.024094758,38622,0.355705175,0.707002771,34048,0.093745268,8914,350,0.018861777,11,0.661,0.5206,705,161,0
충청남도 예산군,14720.9,77385,9871,0.2902746,0.032065217,0.043878719,33803,0.359010297,0.587581573,3895,0.050606104,1742,400,0.012922401,0,0.707,0.6013,274,115,0
충청남도 천안시,142375.2,657559,86395,0.610278492,0.016760981,0.035003635,74542,0.37601778,0.741976005,35461,0.051545822,17848,500,0,0,0.661,0.5525,3590,930,0
충청남도 청양군,4376.1,30266,2191,0.106616585,0.019069633,0.027737648,32718,0.373519214,0.555772154,1339,0.044991768,487,400,0.071697615,3,0.764,0.6157,6,36,0
충청남도 태안군,8606.2,61335,845,0.196034627,0.02527227,0.056094666,33446,0.386274784,0.583696095,2620,0.043195832,1972,350,0.2225483,12,0.72,0.6108,224,17,0
충청남도 홍성군,19560.1,98068,5056,0.402822337,0.014204678,0.03722044,35351,0.350188311,0.625698495,4496,0.044808101,2108,400,0.030805156,4,0.695,0.5987,123,12,0
충청북도 괴산군,6614,37055,3986,0.071503622,0.01183432,0.022839131,32055,0.413150473,0.566590204,1730,0.045730901,671,280,0.053973823,1,0.673,0.6057,16,3,0
충청북도 단양군,11283,27767,1997,0.184555985,0.053127413,0.01953668,32754,0.388339768,0.58796413,509,0.019232222,770,300,0.010804192,0,0.682,0.6747,3,15,0
충청북도 보은군,8425,31455,3674,0.178346995,0.015505465,0.015368853,32679,0.384016393,0.555841679,1193,0.038941115,618,270,0.031950405,0,0.692,0.6765,17,5,0
충청북도 영동군,10102,44956,2323,0.174247215,0.033224692,0.027241329,32934,0.379627378,0.576363555,1651,0.03768288,652,370,0.051161135,0,0.647,0.6419,64,0,0
충청북도 옥천군,14150.7,49520,5830,0.26106607,0.021340043,0.043565371,32394,0.32229056,0.591902262,1614,0.033615896,1020,270,0.027705977,0,0.669,0.6627,22,10,0
충청북도 음성군,17662.8,92058,39973,0.420730254,0.018113351,0.038848372,33348,0.409576243,0.669132503,15402,0.15016965,2644,640,0.017000152,0,0.734,0.605,1,13,0
충청북도 제천시,32261.6,130988,7918,0.501315187,0.028170448,0.015018582,34380,0.36660614,0.655861606,3181,0.024387439,3045,300,0.012650014,0,0.633,0.623,162,66,0
충청북도 증평군,9896.5,37262,4888,0.572426249,0.021252258,0.012642986,34870,0.383925346,0.681954807,1767,0.046773254,753,280,0.005367398,11,0.661,0.6126,12,6,0
충청북도 진천군,18153.7,86147,30681,0.524346856,0.030878292,0.04423322,35542,0.371123619,0.690354859,10913,0.117124949,1882,640,0.018572905,10,0.716,0.6446,39,42,0
충청북도 청주시,172644.1,849573,88491,0.596283511,0.011238565,0.014439042,149215,0.361703058,0.721088123,25901,0.030170064,21251,600,0,90,0.659,0.5676,985,969,0
충청북도 충주시,41319.7,208277,23496,0.485425986,0.026599397,0.040611672,34448,0.380952876,0.673799795,8730,0.040457311,6126,470,0.024251358,6,0.651,0.6125,554,42,0
